Alikato,21122548,Manus,manus@ku.th,0903999647,0,null,false
asd,12345678,asdwqe,asdasd@gmail.com,0903999647,0,null,false
johndoe,pass1234,JohnDoe,john.doe@example.com,0812345678,0,null,false
janesmith,abc12345,JaneSmith,jane.smith@example.com,0898765432,0,null,false
usertestuser,testpass,TestUser,test.user@example.com,0923456789,0,null,false
Alikato1,211222545,Manus,manus@ku.th,0903999647,0,null,false
lnwmosszaza107,011235813,moss,moss.s@ku.th,0123456789,0,null,false
DucKyWay,03ac674216f3e15c761ee1a5e255f067953623c8b388b4459e13f978d7c846f4,niji,niji2549@gmail.com,0999999999,0,null,false
